{"cameraMode":{"drawMode":0,"name":"Shaded","section":"Shading Mode"},"sceneLighting":false,"audioPlay":false,"sceneViewState":{"showFog":true,"showMaterialUpdate":false,"showSkybox":false,"showFlares":true,"showImageEffects":true,"showParticleSystems":true},"in2DMode":false,"pivot":{"x":-15.191686630249024,"y":0.3903406262397766,"z":-13.561686515808106},"rotation":{"x":-0.0311080701649189,"y":0.9367144703865051,"z":-0.08624224364757538,"w":-0.3378983438014984},"size":28.115840911865236,"orthographic":false}